{"cameraMode":{"drawMode":0,"name":"Shaded","section":"Shading Mode"},"sceneLighting":false,"audioPlay":false,"sceneViewState":{"showFog":true,"showMaterialUpdate":false,"showSkybox":true,"showFlares":true,"showImageEffects":true,"showParticleSystems":true},"in2DMode":false,"pivot":{"x":-11.266655921936036,"y":-0.2287147045135498,"z":-0.4555272161960602},"rotation":{"x":0.09253785014152527,"y":0.7139500379562378,"z":-0.09611690789461136,"w":0.6873672008514404},"size":6.658071041107178,"orthographic":false}