{"cameraMode":{"drawMode":0,"name":"Shaded","section":"Shading Mode"},"sceneLighting":false,"audioPlay":false,"sceneViewState":{"showFog":true,"showMaterialUpdate":false,"showSkybox":true,"showFlares":true,"showImageEffects":true,"showParticleSystems":true},"in2DMode":false,"pivot":{"x":1.466004729270935,"y":0.07908259332180023,"z":0.07956591248512268},"rotation":{"x":0.1957421451807022,"y":-0.16244246065616609,"z":0.03289668634533882,"w":0.9665482044219971},"size":0.621817409992218,"orthographic":false}