{"cameraMode":{"drawMode":0,"name":"Shaded","section":"Shading Mode"},"sceneLighting":false,"audioPlay":false,"sceneViewState":{"showFog":true,"showMaterialUpdate":false,"showSkybox":true,"showFlares":true,"showImageEffects":true,"showParticleSystems":true},"in2DMode":false,"pivot":{"x":45.94748306274414,"y":0.24775072932243348,"z":-27.357006072998048},"rotation":{"x":-0.03325765207409859,"y":-0.34774404764175417,"z":0.01423426903784275,"w":-0.9368913769721985},"size":2.7437045574188234,"orthographic":false}