{"cameraMode":{"drawMode":0,"name":"Shaded","section":"Shading Mode"},"sceneLighting":false,"audioPlay":false,"sceneViewState":{"showFog":true,"showMaterialUpdate":false,"showSkybox":true,"showFlares":true,"showImageEffects":true,"showParticleSystems":true},"in2DMode":false,"pivot":{"x":-0.10484467446804047,"y":1.5607593059539796,"z":0.0424564927816391},"rotation":{"x":0.2063838541507721,"y":0.24345439672470094,"z":-0.0531008243560791,"w":0.9462114572525024},"size":2.8578836917877199,"orthographic":false}