{"cameraMode":{"drawMode":0,"name":"Shaded","section":"Shading Mode"},"sceneLighting":false,"audioPlay":false,"sceneViewState":{"showFog":true,"showMaterialUpdate":false,"showSkybox":true,"showFlares":true,"showImageEffects":true,"showParticleSystems":true},"in2DMode":false,"pivot":{"x":29.021207809448243,"y":34.236202239990237,"z":20.566082000732423},"rotation":{"x":0.10291209071874619,"y":-0.6407003402709961,"z":0.08723417669534683,"w":0.7558455467224121},"size":2.5531210899353029,"orthographic":false}