{"cameraMode":{"drawMode":0,"name":"Shaded","section":"Shading Mode"},"sceneLighting":false,"audioPlay":false,"sceneViewState":{"showFog":true,"showMaterialUpdate":false,"showSkybox":true,"showFlares":true,"showImageEffects":true,"showParticleSystems":true},"in2DMode":false,"pivot":{"x":1.886412501335144,"y":0.20560458302497865,"z":0.033868174999952319},"rotation":{"x":-0.10705231875181198,"y":-0.6242973208427429,"z":0.08691874891519547,"w":-0.7689199447631836},"size":0.6368100643157959,"orthographic":false}