{"cameraMode":{"drawMode":0,"name":"Shaded","section":"Shading Mode"},"sceneLighting":true,"audioPlay":false,"sceneViewState":{"showFog":true,"showMaterialUpdate":false,"showSkybox":true,"showFlares":true,"showImageEffects":true,"showParticleSystems":true},"in2DMode":false,"pivot":{"x":73.16754913330078,"y":-16.313278198242189,"z":36.69207000732422},"rotation":{"x":0.13510805368423463,"y":0.8219870924949646,"z":-0.21849867701530457,"w":0.5082730054855347},"size":90.8582763671875,"orthographic":false}