{"cameraMode":{"drawMode":0,"name":"Shaded","section":"Shading Mode"},"sceneLighting":false,"audioPlay":false,"sceneViewState":{"showFog":true,"showMaterialUpdate":false,"showSkybox":true,"showFlares":true,"showImageEffects":true,"showParticleSystems":true},"in2DMode":false,"pivot":{"x":-12.133157730102539,"y":1.0801961421966553,"z":6.665218353271484},"rotation":{"x":0.0029153628274798395,"y":0.9659314155578613,"z":-0.25817111134529116,"w":0.017769217491149904},"size":9.440674781799317,"orthographic":false}