{"cameraMode":{"drawMode":0,"name":"Shaded","section":"Shading Mode"},"sceneLighting":false,"audioPlay":false,"sceneViewState":{"showFog":true,"showMaterialUpdate":false,"showSkybox":true,"showFlares":true,"showImageEffects":true,"showParticleSystems":true},"in2DMode":false,"pivot":{"x":-3.1084961891174318,"y":2.0297129154205324,"z":1.8243131637573243},"rotation":{"x":-0.07393671572208405,"y":0.895002007484436,"z":-0.1617690771818161,"w":-0.4090668261051178},"size":19.988574981689454,"orthographic":false}