{"cameraMode":{"drawMode":0,"name":"Shaded","section":"Shading Mode"},"sceneLighting":true,"audioPlay":false,"sceneViewState":{"showFog":true,"showMaterialUpdate":false,"showSkybox":true,"showFlares":true,"showImageEffects":true,"showParticleSystems":true},"in2DMode":false,"pivot":{"x":-19.873355865478517,"y":0.6755030155181885,"z":-0.2630693316459656},"rotation":{"x":-0.11611176282167435,"y":-0.7119635939598084,"z":0.12392524629831314,"w":-0.6813725829124451},"size":7.058323383331299,"orthographic":false}