{"cameraMode":{"drawMode":0,"name":"Shaded","section":"Shading Mode"},"sceneLighting":false,"audioPlay":false,"sceneViewState":{"showFog":true,"showMaterialUpdate":false,"showSkybox":true,"showFlares":true,"showImageEffects":true,"showParticleSystems":true},"in2DMode":false,"pivot":{"x":1.466004729270935,"y":0.07908259332180023,"z":0.07956591248512268},"rotation":{"x":-0.26617711782455447,"y":0.3994790017604828,"z":-0.1224072128534317,"w":-0.8686672449111939},"size":0.621817409992218,"orthographic":false}