{"cameraMode":{"drawMode":0,"name":"Shaded","section":"Shading Mode"},"sceneLighting":true,"audioPlay":false,"sceneViewState":{"showFog":true,"showMaterialUpdate":false,"showSkybox":true,"showFlares":true,"showImageEffects":true,"showParticleSystems":true},"in2DMode":false,"pivot":{"x":2.9980688095092775,"y":0.6887311935424805,"z":11.892656326293946},"rotation":{"x":-0.07731609791517258,"y":-0.1046334058046341,"z":0.008159472607076168,"w":-0.9914673566818237},"size":13.195274353027344,"orthographic":false}