{"cameraMode":{"drawMode":0,"name":"Shaded","section":"Shading Mode"},"sceneLighting":true,"audioPlay":false,"sceneViewState":{"showFog":true,"showMaterialUpdate":false,"showSkybox":true,"showFlares":true,"showImageEffects":true,"showParticleSystems":true},"in2DMode":false,"pivot":{"x":-106.56175231933594,"y":-96.97575378417969,"z":60.982566833496097},"rotation":{"x":0.21901299059391023,"y":-0.48990246653556826,"z":0.1286577582359314,"w":0.8339521288871765},"size":243.915283203125,"orthographic":false}