{"cameraMode":{"drawMode":0,"name":"Shaded","section":"Shading Mode"},"sceneLighting":false,"audioPlay":false,"sceneViewState":{"showFog":true,"showMaterialUpdate":false,"showSkybox":true,"showFlares":true,"showImageEffects":true,"showParticleSystems":true},"in2DMode":false,"pivot":{"x":11.476700782775879,"y":-4.603629112243652,"z":-16.495742797851564},"rotation":{"x":0.20695112645626069,"y":0.17214448750019074,"z":-0.03701801970601082,"w":0.962375819683075},"size":25.37824821472168,"orthographic":false}