{"cameraMode":{"drawMode":0,"name":"Shaded","section":"Shading Mode"},"sceneLighting":false,"audioPlay":false,"sceneViewState":{"showFog":true,"showMaterialUpdate":false,"showSkybox":false,"showFlares":true,"showImageEffects":true,"showParticleSystems":true},"in2DMode":false,"pivot":{"x":9.994159698486329,"y":2.286752939224243,"z":-10.052940368652344},"rotation":{"x":0.01953510008752346,"y":-0.9621514678001404,"z":0.07267025113105774,"w":0.2625748813152313},"size":6.715585708618164,"orthographic":false}