{"cameraMode":{"drawMode":0,"name":"Shaded","section":"Shading Mode"},"sceneLighting":false,"audioPlay":false,"sceneViewState":{"showFog":true,"showMaterialUpdate":false,"showSkybox":false,"showFlares":true,"showImageEffects":true,"showParticleSystems":true},"in2DMode":false,"pivot":{"x":2.416003942489624,"y":1.8556333780288697,"z":2.500000476837158},"rotation":{"x":-0.12275802344083786,"y":-0.7896196246147156,"z":0.16707538068294526,"w":-0.5777623653411865},"size":16.251798629760743,"orthographic":false}