{"cameraMode":{"drawMode":0,"name":"Shaded","section":"Shading Mode"},"sceneLighting":false,"audioPlay":false,"sceneViewState":{"showFog":true,"showMaterialUpdate":false,"showSkybox":true,"showFlares":true,"showImageEffects":true,"showParticleSystems":true},"in2DMode":false,"pivot":{"x":-11.077184677124024,"y":1.4678696393966675,"z":-1.0416308641433716},"rotation":{"x":0.003190063638612628,"y":0.7498614192008972,"z":-0.003616088768467307,"w":0.6615774035453796},"size":7.214345932006836,"orthographic":false}