{"cameraMode":{"drawMode":0,"name":"Shaded","section":"Shading Mode"},"sceneLighting":true,"audioPlay":false,"sceneViewState":{"showFog":true,"showMaterialUpdate":false,"showSkybox":false,"showFlares":true,"showImageEffects":true,"showParticleSystems":true},"in2DMode":false,"pivot":{"x":5.032330513000488,"y":-0.0170251727104187,"z":-0.26117587089538576},"rotation":{"x":-0.025027107447385789,"y":-0.9264464378356934,"z":0.06248030811548233,"w":-0.3705480992794037},"size":4.139222145080566,"orthographic":false}