{"cameraMode":{"drawMode":0,"name":"Shaded","section":"Shading Mode"},"sceneLighting":false,"audioPlay":false,"sceneViewState":{"showFog":true,"showMaterialUpdate":false,"showSkybox":true,"showFlares":true,"showImageEffects":true,"showParticleSystems":true},"in2DMode":false,"pivot":{"x":-1.034468650817871,"y":0.2653324604034424,"z":0.1329096555709839},"rotation":{"x":-0.20396284759044648,"y":0.6376047730445862,"z":-0.18046706914901734,"w":-0.7206184267997742},"size":5.380786895751953,"orthographic":false}