{"cameraMode":{"drawMode":0,"name":"Shaded","section":"Shading Mode"},"sceneLighting":true,"audioPlay":false,"sceneViewState":{"showFog":true,"showMaterialUpdate":false,"showSkybox":true,"showFlares":true,"showImageEffects":true,"showParticleSystems":true},"in2DMode":false,"pivot":{"x":-134.37893676757813,"y":-45.916534423828128,"z":-5.719768524169922},"rotation":{"x":0.1141323521733284,"y":-0.730495274066925,"z":0.12667827308177949,"w":0.6616211533546448},"size":161.55682373046876,"orthographic":false}