{"cameraMode":{"drawMode":0,"name":"Shaded","section":"Shading Mode"},"sceneLighting":false,"audioPlay":false,"sceneViewState":{"showFog":true,"showMaterialUpdate":false,"showSkybox":false,"showFlares":true,"showImageEffects":true,"showParticleSystems":true},"in2DMode":false,"pivot":{"x":-0.9399999976158142,"y":-2.9663009643554689,"z":6.506747245788574},"rotation":{"x":-0.06979107111692429,"y":-0.8620463609695435,"z":0.12352993339300156,"w":-0.48670199513435366},"size":2.7698874473571779,"orthographic":false}