{"cameraMode":{"drawMode":0,"name":"Shaded","section":"Shading Mode"},"sceneLighting":true,"audioPlay":false,"sceneViewState":{"showFog":true,"showMaterialUpdate":false,"showSkybox":true,"showFlares":true,"showImageEffects":true,"showParticleSystems":true},"in2DMode":false,"pivot":{"x":-2.940817356109619,"y":1.1368262767791749,"z":-8.160686492919922},"rotation":{"x":0.009959286078810692,"y":-0.9880564212799072,"z":0.07258342206478119,"w":0.13556188344955445},"size":25.28086280822754,"orthographic":false}