{"cameraMode":{"drawMode":0,"name":"Shaded","section":"Shading Mode"},"sceneLighting":false,"audioPlay":false,"sceneViewState":{"showFog":true,"showMaterialUpdate":false,"showSkybox":true,"showFlares":true,"showImageEffects":true,"showParticleSystems":true},"in2DMode":false,"pivot":{"x":-56.5936393737793,"y":7.558063507080078,"z":-25.50636100769043},"rotation":{"x":0.04526474326848984,"y":0.5352213382720947,"z":0.028746280819177629,"w":-0.8430209755897522},"size":6.658626079559326,"orthographic":false}