{"cameraMode":{"drawMode":0,"name":"Shaded","section":"Shading Mode"},"sceneLighting":false,"audioPlay":false,"sceneViewState":{"showFog":true,"showMaterialUpdate":false,"showSkybox":true,"showFlares":true,"showImageEffects":true,"showParticleSystems":true},"in2DMode":false,"pivot":{"x":-5.000004291534424,"y":7.85563325881958,"z":-5.00025749206543},"rotation":{"x":0.008228057995438576,"y":0.8758485913276672,"z":-0.4822843670845032,"w":0.01494605652987957},"size":23.341217041015626,"orthographic":false}