{"cameraMode":{"drawMode":0,"name":"Shaded","section":"Shading Mode"},"sceneLighting":false,"audioPlay":false,"sceneViewState":{"showFog":true,"showMaterialUpdate":false,"showSkybox":true,"showFlares":true,"showImageEffects":true,"showParticleSystems":true},"in2DMode":false,"pivot":{"x":10.630000114440918,"y":-1.8672428131103516,"z":13.079999923706055},"rotation":{"x":-0.028029080480337144,"y":0.9300100803375244,"z":-0.07254951447248459,"w":-0.35924047231674197},"size":5.557884693145752,"orthographic":false}