{"cameraMode":{"drawMode":0,"name":"Shaded","section":"Shading Mode"},"sceneLighting":true,"audioPlay":false,"sceneViewState":{"showFog":true,"showMaterialUpdate":false,"showSkybox":true,"showFlares":true,"showImageEffects":true,"showParticleSystems":true},"in2DMode":false,"pivot":{"x":0.7581140995025635,"y":1.702123999595642,"z":1.6367465257644654},"rotation":{"x":-0.018462885171175004,"y":-0.749289870262146,"z":0.020129965618252755,"w":-0.6619867086410523},"size":1.377023458480835,"orthographic":false}