{"cameraMode":{"drawMode":0,"name":"Shaded","section":"Shading Mode"},"sceneLighting":true,"audioPlay":false,"sceneViewState":{"showFog":true,"showMaterialUpdate":false,"showSkybox":false,"showFlares":true,"showImageEffects":true,"showParticleSystems":true},"in2DMode":false,"pivot":{"x":0.30446481704711916,"y":3.483473300933838,"z":3.492114782333374},"rotation":{"x":-0.04763675481081009,"y":-0.8105961680412293,"z":0.06579798460006714,"w":-0.5801951289176941},"size":3.713057279586792,"orthographic":false}