{"cameraMode":{"drawMode":0,"name":"Shaded","section":"Shading Mode"},"sceneLighting":true,"audioPlay":false,"sceneViewState":{"showFog":true,"showMaterialUpdate":false,"showSkybox":false,"showFlares":true,"showImageEffects":true,"showParticleSystems":true},"in2DMode":false,"pivot":{"x":5.0623016357421879,"y":-0.8911933898925781,"z":-11.353836059570313},"rotation":{"x":-0.2123154252767563,"y":-0.6441135406494141,"z":0.19279441237449647,"w":-0.7092278003692627},"size":71.32585906982422,"orthographic":false}