{"cameraMode":{"drawMode":0,"name":"Shaded","section":"Shading Mode"},"sceneLighting":false,"audioPlay":false,"sceneViewState":{"showFog":true,"showMaterialUpdate":false,"showSkybox":true,"showFlares":true,"showImageEffects":true,"showParticleSystems":true},"in2DMode":false,"pivot":{"x":73.06320190429688,"y":1.0670000314712525,"z":14.148185729980469},"rotation":{"x":0.09701085835695267,"y":0.31137821078300478,"z":-0.031972773373126987,"w":0.9447805285453796},"size":22.0,"orthographic":false}