{"cameraMode":{"drawMode":0,"name":"Shaded","section":"Shading Mode"},"sceneLighting":false,"audioPlay":false,"sceneViewState":{"showFog":true,"showMaterialUpdate":false,"showSkybox":false,"showFlares":true,"showImageEffects":true,"showParticleSystems":true},"in2DMode":false,"pivot":{"x":3.72999906539917,"y":3.1107778549194338,"z":2.499999761581421},"rotation":{"x":-0.022127602249383928,"y":0.7273100018501282,"z":0.024068720638751985,"w":0.6857818961143494},"size":7.739805221557617,"orthographic":false}