{"cameraMode":{"drawMode":0,"name":"Shaded","section":"Shading Mode"},"sceneLighting":false,"audioPlay":false,"sceneViewState":{"showFog":true,"showMaterialUpdate":false,"showSkybox":false,"showFlares":true,"showImageEffects":true,"showParticleSystems":true},"in2DMode":false,"pivot":{"x":1.5644469261169434,"y":-3.235156536102295,"z":-0.7966012954711914},"rotation":{"x":0.18826310336589814,"y":0.7115533351898193,"z":-0.207354336977005,"w":0.6447099447250366},"size":4.729319095611572,"orthographic":false}