{"cameraMode":{"drawMode":0,"name":"Shaded","section":"Shading Mode"},"sceneLighting":true,"audioPlay":false,"sceneViewState":{"showFog":true,"showMaterialUpdate":false,"showSkybox":false,"showFlares":true,"showImageEffects":true,"showParticleSystems":true},"in2DMode":false,"pivot":{"x":2.2124125957489015,"y":5.429516315460205,"z":4.945067405700684},"rotation":{"x":-0.12275802344083786,"y":-0.7896196246147156,"z":0.16707538068294526,"w":-0.5777623653411865},"size":5.069598197937012,"orthographic":false}