{"cameraMode":{"drawMode":0,"name":"Shaded","section":"Shading Mode"},"sceneLighting":true,"audioPlay":false,"sceneViewState":{"showFog":true,"showMaterialUpdate":false,"showSkybox":true,"showFlares":true,"showImageEffects":true,"showParticleSystems":true},"in2DMode":false,"pivot":{"x":-2.9881463050842287,"y":3.030362129211426,"z":-7.390371322631836},"rotation":{"x":-0.3255525231361389,"y":-0.21565134823322297,"z":0.07604630291461945,"w":-0.917677104473114},"size":20.259958267211915,"orthographic":false}