{"cameraMode":{"drawMode":0,"name":"Shaded","section":"Shading Mode"},"sceneLighting":false,"audioPlay":false,"sceneViewState":{"showFog":true,"showMaterialUpdate":false,"showSkybox":true,"showFlares":true,"showImageEffects":true,"showParticleSystems":true},"in2DMode":false,"pivot":{"x":4.103359699249268,"y":2.7577455043792726,"z":-7.759038925170898},"rotation":{"x":-0.028029080480337144,"y":0.9300100803375244,"z":-0.07254951447248459,"w":-0.35924047231674197},"size":10.809691429138184,"orthographic":false}