{"cameraMode":{"drawMode":0,"name":"Shaded","section":"Shading Mode"},"sceneLighting":false,"audioPlay":false,"sceneViewState":{"showFog":true,"showMaterialUpdate":false,"showSkybox":true,"showFlares":true,"showImageEffects":true,"showParticleSystems":true},"in2DMode":false,"pivot":{"x":-17.6810359954834,"y":2.1283438205718996,"z":-0.19103407859802247},"rotation":{"x":-0.06341242790222168,"y":-0.870166540145874,"z":0.11625929921865463,"w":-0.4746292233467102},"size":1.0802541971206666,"orthographic":false}