{"cameraMode":{"drawMode":0,"name":"Shaded","section":"Shading Mode"},"sceneLighting":false,"audioPlay":false,"sceneViewState":{"showFog":true,"showMaterialUpdate":false,"showSkybox":true,"showFlares":true,"showImageEffects":true,"showParticleSystems":true},"in2DMode":false,"pivot":{"x":-20.528121948242189,"y":0.17399999499320985,"z":-0.0469999685883522},"rotation":{"x":0.09327614307403565,"y":0.7158632278442383,"z":-0.09746720641851425,"w":0.6850836277008057},"size":0.636808454990387,"orthographic":false}