{"cameraMode":{"drawMode":0,"name":"Shaded","section":"Shading Mode"},"sceneLighting":false,"audioPlay":false,"sceneViewState":{"showFog":true,"showMaterialUpdate":false,"showSkybox":true,"showFlares":true,"showImageEffects":true,"showParticleSystems":true},"in2DMode":false,"pivot":{"x":77.1996841430664,"y":2.929833173751831,"z":47.19502639770508},"rotation":{"x":0.21901299059391023,"y":-0.48990246653556826,"z":0.1286577582359314,"w":0.8339521288871765},"size":1.0578839778900147,"orthographic":false}