{"cameraMode":{"drawMode":0,"name":"Shaded","section":"Shading Mode"},"sceneLighting":false,"audioPlay":false,"sceneViewState":{"showFog":true,"showMaterialUpdate":false,"showSkybox":true,"showFlares":true,"showImageEffects":true,"showParticleSystems":true},"in2DMode":false,"pivot":{"x":-24.663999557495118,"y":1.2510000467300416,"z":-0.18000000715255738},"rotation":{"x":-0.14607790112495423,"y":-0.2033631056547165,"z":0.030700618401169778,"w":-0.9676581025123596},"size":3.7770230770111086,"orthographic":false}