{"cameraMode":{"drawMode":0,"name":"Shaded","section":"Shading Mode"},"sceneLighting":false,"audioPlay":false,"sceneViewState":{"showFog":true,"showMaterialUpdate":false,"showSkybox":true,"showFlares":true,"showImageEffects":true,"showParticleSystems":true},"in2DMode":false,"pivot":{"x":77.21351623535156,"y":34.00013732910156,"z":-7.7061614990234379},"rotation":{"x":-0.4039642810821533,"y":-0.41778239607810976,"z":0.2150261402130127,"w":-0.784878671169281},"size":5.877331733703613,"orthographic":false}