{"cameraMode":{"drawMode":0,"name":"Shaded","section":"Shading Mode"},"sceneLighting":true,"audioPlay":false,"sceneViewState":{"showFog":true,"showMaterialUpdate":false,"showSkybox":false,"showFlares":true,"showImageEffects":true,"showParticleSystems":true},"in2DMode":false,"pivot":{"x":-1.9345452785491944,"y":1.0479704141616822,"z":2.909636974334717},"rotation":{"x":0.0412944033741951,"y":0.6765301823616028,"z":-0.03751377761363983,"w":0.7345340847969055},"size":1.8903697729110718,"orthographic":false}