{"cameraMode":{"drawMode":0,"name":"Shaded","section":"Shading Mode"},"sceneLighting":true,"audioPlay":false,"sceneViewState":{"showFog":true,"showMaterialUpdate":false,"showSkybox":false,"showFlares":true,"showImageEffects":true,"showParticleSystems":true},"in2DMode":false,"pivot":{"x":2.52493953704834,"y":-0.8926992416381836,"z":1.0765533447265626},"rotation":{"x":-0.22199971973896027,"y":-0.2978927195072174,"z":0.07140801846981049,"w":-0.9257492423057556},"size":26.33428382873535,"orthographic":false}