{"cameraMode":{"drawMode":0,"name":"Shaded","section":"Shading Mode"},"sceneLighting":false,"audioPlay":false,"sceneViewState":{"showFog":true,"showMaterialUpdate":false,"showSkybox":false,"showFlares":true,"showImageEffects":true,"showParticleSystems":true},"in2DMode":false,"pivot":{"x":-0.10442862659692764,"y":0.6318624019622803,"z":0.13407675921916963},"rotation":{"x":-0.3540293872356415,"y":0.3444385230541229,"z":-0.14331264793872834,"w":-0.8578366637229919},"size":0.4974103569984436,"orthographic":false}