{"cameraMode":{"drawMode":0,"name":"Shaded","section":"Shading Mode"},"sceneLighting":false,"audioPlay":false,"sceneViewState":{"showFog":true,"showMaterialUpdate":false,"showSkybox":true,"showFlares":true,"showImageEffects":true,"showParticleSystems":true},"in2DMode":false,"pivot":{"x":49.28837585449219,"y":7.058063507080078,"z":-78.0999984741211},"rotation":{"x":0.04526474326848984,"y":0.5352213382720947,"z":0.028746280819177629,"w":-0.8430209755897522},"size":3.9057765007019045,"orthographic":false}