{"cameraMode":{"drawMode":0,"name":"Shaded","section":"Shading Mode"},"sceneLighting":false,"audioPlay":false,"sceneViewState":{"showFog":true,"showMaterialUpdate":false,"showSkybox":true,"showFlares":true,"showImageEffects":true,"showParticleSystems":true},"in2DMode":false,"pivot":{"x":-0.013256430625915528,"y":-0.20571118593215943,"z":-0.052142173051834109},"rotation":{"x":-0.21434663236141206,"y":0.5800722241401672,"z":-0.16167515516281129,"w":-0.7690467238426209},"size":2.798698902130127,"orthographic":false}