{"cameraMode":{"drawMode":0,"name":"Shaded","section":"Shading Mode"},"sceneLighting":false,"audioPlay":false,"sceneViewState":{"showFog":true,"showMaterialUpdate":false,"showSkybox":true,"showFlares":true,"showImageEffects":true,"showParticleSystems":true},"in2DMode":false,"pivot":{"x":49.07680130004883,"y":6.683903694152832,"z":-78.58139038085938},"rotation":{"x":0.004548321478068829,"y":0.5917053818702698,"z":0.0033459984697401525,"w":-0.8061479926109314},"size":3.9057765007019045,"orthographic":false}