{"cameraMode":{"drawMode":0,"name":"Shaded","section":"Shading Mode"},"sceneLighting":true,"audioPlay":false,"sceneViewState":{"showFog":true,"showMaterialUpdate":false,"showSkybox":false,"showFlares":true,"showImageEffects":true,"showParticleSystems":true},"in2DMode":false,"pivot":{"x":0.581753671169281,"y":2.1336729526519777,"z":1.2874778509140015},"rotation":{"x":0.01484560128301382,"y":0.9787331223487854,"z":-0.07377206534147263,"w":0.1917530596256256},"size":1.709630012512207,"orthographic":false}