{"cameraMode":{"drawMode":0,"name":"Shaded","section":"Shading Mode"},"sceneLighting":false,"audioPlay":false,"sceneViewState":{"showFog":true,"showMaterialUpdate":false,"showSkybox":false,"showFlares":true,"showImageEffects":true,"showParticleSystems":true},"in2DMode":false,"pivot":{"x":-0.001220703125,"y":0.02801513671875,"z":-0.010599999688565731},"rotation":{"x":-0.006755711045116186,"y":0.9753057956695557,"z":-0.2189587503671646,"w":-0.034425072371959689},"size":0.039578113704919818,"orthographic":false}