{"cameraMode":{"drawMode":0,"name":"Shaded","section":"Shading Mode"},"sceneLighting":false,"audioPlay":false,"sceneViewState":{"showFog":true,"showMaterialUpdate":false,"showSkybox":true,"showFlares":true,"showImageEffects":true,"showParticleSystems":true},"in2DMode":false,"pivot":{"x":77.1996841430664,"y":2.929833173751831,"z":47.19502639770508},"rotation":{"x":-0.017947791144251825,"y":0.8055506944656372,"z":-0.024430960416793824,"w":-0.5917508602142334},"size":3.1895389556884767,"orthographic":false}